{
    "mean_squared_error": 0.852340873183019,
    "r2_score": 0.14840547073240884
}